{
	"__comment": "Model by Mickey Joe & Sphax for PureBDcraft - BDcraft.net.",
	"parent": "block/block",
	"textures": {
		"particle": "block/anvil",
		"top": "block/anvil_top",
		"body": "block/anvil"
	},
	"elements": [
		{
			"__comment": "Lower narrow portion",
			"from": [ 4, 0, 3 ],
			"to": [ 12, 4, 13 ],
			"shade": false,
			"faces": {
				"down": { "uv": [ 5, 12, 11.5, 6 ], "texture": "#body", "cullface": "down", "rotation": 90, "tintindex": 0 },
				"up": { "uv": [ 5, 6, 11.5, 12 ], "texture": "#body", "tintindex": 0 },
				"north": { "uv": [ 4, 12, 12, 16 ], "texture": "#body", "tintindex": 0 },
				"south": { "uv": [ 4, 12, 12, 16 ], "texture": "#body", "tintindex": 0 },
				"west": { "uv": [ 3, 12, 13, 16 ], "texture": "#body", "tintindex": 0 },
				"east": { "uv": [ 3, 12, 13, 16 ], "texture": "#body", "tintindex": 0 }
			}
		},
		{
			"__comment": "Wider section beneath top portion",
			"from": [ 6, 4, 4 ],
			"to": [ 10, 10, 12 ],
			"shade": false,
			"faces": {
				"north": { "uv": [ 6, 6, 10, 12 ], "texture": "#body", "tintindex": 0 },
				"south": { "uv": [ 6, 6, 10, 12 ], "texture": "#body", "tintindex": 0 },
				"west": { "uv": [ 4, 6, 12, 12 ], "texture": "#body", "tintindex": 0 },
				"east": { "uv": [ 4, 6, 12, 12 ], "texture": "#body", "tintindex": 0 }
			}
		},
		{
			"__comment": "Anvil top",
			"from": [ 3, 10, 0 ],
			"to": [ 13, 16, 13 ],
			"shade": false,
			"faces": {
				"down": { "uv": [ 3, 13, 13, 0 ], "texture": "#top", "tintindex": 0 },
				"up": { "uv": [ 3, 0, 13, 13 ], "texture": "#top", "tintindex": 0 },
				"north": { "uv": [ 3, 0, 13, 6 ], "texture": "#body", "cullface": "north", "tintindex": 0 },
				"south": { "uv": [ 3, 0, 13, 6 ], "texture": "#body", "tintindex": 0 },
				"west": { "uv": [ 0, 0, 13, 6 ], "texture": "#body", "tintindex": 0 },
				"east": { "uv": [ 0, 0, 13, 6 ], "texture": "#body", "tintindex": 0 }
			}
		},
		{
			"__comment": "BackRightFoot",
			"from": [ 10.8125, -0.125, 0 ],
			"to": [ 13.8125, 2.5, 6 ],
			"rotation": { "origin": [ 10.8125, -0.125, 0 ], "axis": "y", "angle": -22.5 },
			"shade": false,
			"faces": {
				"down": { "uv": [ 13, 16, 16, 9 ], "texture": "#body", "cullface": "down", "tintindex": 0 },
				"up": { "uv": [ 13, 9, 16, 16 ], "texture": "#body", "cullface": "down", "tintindex": 0 },
				"north": { "uv": [ 13, 6.5, 16, 9 ], "texture": "#body", "cullface": "down", "tintindex": 0 },
				"west": { "uv": [ 13, 16, 16, 9 ], "texture": "#body", "cullface": "down", "rotation": 90, "tintindex": 0 },
				"east": { "uv": [ 13, 16, 16, 9 ], "texture": "#body", "cullface": "down", "rotation": 90, "tintindex": 0 }
			}
		},
		{
			"__comment": "FrontRightFoot",
			"from": [ 8.5, -0.125, 10.5 ],
			"to": [ 11.5, 2.5, 16.5 ],
			"rotation": { "origin": [ 8.5, -0.125, 10.5 ], "axis": "y", "angle": 22.5 },
			"shade": false,
			"faces": {
				"down": { "uv": [ 13, 16, 16, 9 ], "texture": "#body", "cullface": "down", "tintindex": 0 },
				"up": { "uv": [ 13, 9, 16, 16 ], "texture": "#body", "cullface": "down", "tintindex": 0 },
				"south": { "uv": [ 13, 6.5, 16, 9 ], "texture": "#body", "cullface": "down", "tintindex": 0 },
				"west": { "uv": [ 13, 16, 16, 9 ], "texture": "#body", "cullface": "down", "rotation": 90, "tintindex": 0 },
				"east": { "uv": [ 13, 16, 16, 9 ], "texture": "#body", "cullface": "down", "rotation": 90, "tintindex": 0 }
			}
		},
		{
			"__comment": "BackLeftFoot",
			"from": [ 2.5, -0.125, 1.125 ],
			"to": [ 5.5, 2.5, 7.125 ],
			"rotation": { "origin": [ 2.5, -0.125, 1.125 ], "axis": "y", "angle": 22.5 },
			"shade": false,
			"faces": {
				"down": { "uv": [ 13, 16, 16, 9 ], "texture": "#body", "cullface": "down", "tintindex": 0 },
				"up": { "uv": [ 13, 9, 16, 16 ], "texture": "#body", "cullface": "down", "tintindex": 0 },
				"north": { "uv": [ 13, 6.5, 16, 9 ], "texture": "#body", "cullface": "down", "tintindex": 0 },
				"west": { "uv": [ 13, 16, 16, 9 ], "texture": "#body", "cullface": "down", "rotation": 90, "tintindex": 0 },
				"east": { "uv": [ 13, 16, 16, 9 ], "texture": "#body", "cullface": "down", "rotation": 90, "tintindex": 0 }
			}
		},
		{
			"__comment": "FrontLeftFoot",
			"from": [ 4.8125, -0.125, 9.3125 ],
			"to": [ 7.8125, 2.5, 15.3125 ],
			"rotation": { "origin": [ 4.8125, -0.125, 9.3125 ], "axis": "y", "angle": -22.5 },
			"shade": false,
			"faces": {
				"down": { "uv": [ 13, 16, 16, 9 ], "texture": "#body", "cullface": "down", "tintindex": 0 },
				"up": { "uv": [ 13, 9, 16, 16 ], "texture": "#body", "cullface": "down", "tintindex": 0 },
				"south": { "uv": [ 13, 6.5, 16, 9 ], "texture": "#body", "cullface": "down", "tintindex": 0 },
				"west": { "uv": [ 13, 16, 16, 9 ], "texture": "#body", "cullface": "down", "rotation": 90, "tintindex": 0 },
				"east": { "uv": [ 13, 16, 16, 9 ], "texture": "#body", "cullface": "down", "rotation": 90, "tintindex": 0 }
			}
		},
		{
			"__comment": "BackSlope",
			"from": [ 6.125, 3, 0 ],
			"to": [ 9.875, 10, 7 ],
			"rotation": { "origin": [ 6.125, 10, 0 ], "axis": "x", "angle": -45 },
			"shade": false,
			"faces": {
				"down": { "uv": [ 6.5, 1, 10.25, 8 ], "texture": "#body", "tintindex": 0 },
				"north": { "uv": [ 6, 6, 10, 12 ], "texture": "#body", "cullface": "north", "tintindex": 0 },
				"south": { "uv": [ 4, 6, 8, 12 ], "texture": "#body", "tintindex": 0 },
				"west": { "uv": [ 0, 6, 5.5, 12 ], "texture": "#body", "tintindex": 0 },
				"east": { "uv": [ 5.5, 6, 0, 12 ], "texture": "#body", "tintindex": 0 }
			}
		},
		{
			"__comment": "2ndFront",
			"from": [ 3.5, 11, 13 ],
			"to": [ 12.5, 16, 14 ],
			"shade": false,
			"faces": {
				"down": { "uv": [ 4, 1, 12, 2 ], "texture": "#top", "rotation": 180, "tintindex": 0 },
				"up": { "uv": [ 3.5, 13, 12.5, 14 ], "texture": "#top", "tintindex": 0 },
				"south": { "uv": [ 3.5, 0, 12.5, 5 ], "texture": "#body", "tintindex": 0 },
				"west": { "uv": [ 13, 0, 14, 5 ], "texture": "#body", "tintindex": 0 },
				"east": { "uv": [ 0, 0, 1, 5 ], "texture": "#body", "tintindex": 0 }
			}
		},
		{
			"__comment": "FrontSlope",
			"from": [ 4.5, 13.0431, 14.0736 ],
			"to": [ 11.5, 16.0431, 16.8986 ],
			"rotation": { "origin": [ 4.5, 16.01996, 14.01001 ], "axis": "x", "angle": 45 },
			"shade": false,
			"faces": {
				"south": { "uv": [ 5, 1.5, 12, 3.5 ], "texture": "#body", "tintindex": 0 },
				"west": { "uv": [ 11.5, 4.5, 11, 4 ], "texture": "#body", "rotation": 180, "tintindex": 0 },
				"east": { "uv": [ 11.5, 4, 11, 4.5 ], "texture": "#body", "tintindex": 0 }
			}
		},
		{
			"__comment": "TopFrontSquare",
			"from": [ 4, 14, 14 ],
			"to": [ 12, 16, 16.0625 ],
			"shade": false,
			"faces": {
				"down": { "uv": [ 4, 9.5, 12, 11.5 ], "texture": "#top" },
				"up": { "uv": [ 4, 14, 12, 16 ], "texture": "#top", "cullface": "south", "tintindex": 0 },
				"south": { "uv": [ 4, 0, 12, 2 ], "texture": "#body", "cullface": "south", "tintindex": 0 },
				"west": { "uv": [ 14, 0, 16, 2 ], "texture": "#body", "cullface": "south", "tintindex": 0 },
				"east": { "uv": [ 14, 0, 16, 2 ], "texture": "#body", "cullface": "south", "tintindex": 0 }
			}
		}
	]
}