{
	"textures": {
		"particle": "block/comparator",
		"texture": "block/_bdc/repeater_side",
		"stone_slab_top": "block/stone_slab_top",
		"redstone_torch": "block/redstone_torch",
		"redstone_torch_off": "block/redstone_torch_off"
	},
	"elements": [ 	 
		{
			"__comment": "Element",
			"from": [ 4, 2, 11 ],
			"to": [ 6, 6, 13 ],
			"faces": {
				"north": { "uv": [ 7, 8.5, 9, 12.5 ], "texture": "#redstone_torch" },
				"south": { "uv": [ 7, 8.5, 9, 12.5 ], "texture": "#redstone_torch" },
				"west": { "uv": [ 7, 8.5, 9, 12.5 ], "texture": "#redstone_torch" },
				"east": { "uv": [ 7, 8.5, 9, 12.5 ], "texture": "#redstone_torch" }
			}
		},
		{
			"__comment": "Element",
			"from": [ 10, 2, 11 ],
			"to": [ 12, 6, 13 ],
			"faces": {
				"north": { "uv": [ 7, 8.5, 9, 12.5 ], "texture": "#redstone_torch" },
				"south": { "uv": [ 7, 8.5, 9, 12.5 ], "texture": "#redstone_torch" },
				"west": { "uv": [ 7, 8.5, 9, 12.5 ], "texture": "#redstone_torch" },
				"east": { "uv": [ 7, 8.5, 9, 12.5 ], "texture": "#redstone_torch" }
			}
		},
		{
			"__comment": "Element",
			"from": [ 4, 6, 11 ],
			"to": [ 6, 8, 13 ],
			"faces": {
				"up": { "uv": [ 0, 12, 2, 14 ], "texture": "#redstone_torch_off" },
				"north": { "uv": [ 0, 12, 2, 14 ], "texture": "#redstone_torch_off" },
				"south": { "uv": [ 0, 12, 2, 14 ], "texture": "#redstone_torch_off" },
				"west": { "uv": [ 0, 12, 2, 14 ], "texture": "#redstone_torch_off" },
				"east": { "uv": [ 0, 12, 2, 14 ], "texture": "#redstone_torch_off" }
			}
		},
		{
			"__comment": "Element",
			"from": [ 10, 6, 11 ],
			"to": [ 12, 8, 13 ],
			"faces": {
				"up": { "uv": [ 0, 12, 2, 14 ], "texture": "#redstone_torch_off" },
				"north": { "uv": [ 0, 12, 2, 14 ], "texture": "#redstone_torch_off" },
				"south": { "uv": [ 0, 12, 2, 14 ], "texture": "#redstone_torch_off" },
				"west": { "uv": [ 0, 12, 2, 14 ], "texture": "#redstone_torch_off" },
				"east": { "uv": [ 0, 12, 2, 14 ], "texture": "#redstone_torch_off" }
			}
		},
		{
			"__comment": "Element",
			"from": [ 7, 2, 2 ],
			"to": [ 9, 4, 4 ],
			"faces": {
				"up": { "uv": [ 0, 12, 2, 14 ], "texture": "#redstone_torch" },
				"north": { "uv": [ 0, 12, 2, 14 ], "texture": "#redstone_torch" },
				"south": { "uv": [ 0, 12, 2, 14 ], "texture": "#redstone_torch" },
				"west": { "uv": [ 0, 12, 2, 14 ], "texture": "#redstone_torch" },
				"east": { "uv": [ 0, 12, 2, 14 ], "texture": "#redstone_torch" }
			}
		},
		{
			"__comment": "Base",
			"from": [ 0, 0, 0 ],
			"to": [ 16, 2, 16 ],
			"faces": {
				"down": { "uv": [ 0, 0, 16, 16 ], "texture": "#stone_slab_top", "cullface": "down" },
				"up": { "uv": [ 0, 0, 16, 16 ], "texture": "#particle" },
				"north": { "uv": [ 0, 0, 16, 2 ], "texture": "#texture", "cullface": "north" },
				"south": { "uv": [ 0, 0, 16, 2 ], "texture": "#texture", "cullface": "south" },
				"west": { "uv": [ 0, 2, 16, 4 ], "texture": "#texture", "cullface": "west" },
				"east": { "uv": [ 0, 2, 16, 4 ], "texture": "#texture", "cullface": "east" }
			}
		}
	]
}