{
"__comment": "Model by Mickey Joe & Sphax for VanillaBDcraft - BDcraft.net.",
"textures": {
    "particle": "block/redstone_torch_off"
},
"elements": [ 
{
    "from": [ 2.5, 2, 7 ],
    "to": [ 4.5, 11, 9 ],
    "rotation": { "origin": [ 2.5, 11, 7 ], "axis": "z", "angle": -22.5 },
    "faces": {
        "down":  { "uv": [ 2, 16, 0, 14 ], "texture": "#particle" },
        "north": { "uv": [ 7, 7, 9, 16 ], "texture": "#particle" },
        "south": { "uv": [ 7, 7, 9, 16 ], "texture": "#particle" },
        "west":  { "uv": [ 7, 7, 9, 16 ], "texture": "#particle" },
        "east":  { "uv": [ 7, 7, 9, 16 ], "texture": "#particle" }
    }
},
{
    "from": [ 5.375, 7.8125, 6 ],
    "to": [ 5.4375, 12.8125, 10 ],
    "rotation": { "origin": [ 5.375, 12.8125, 6 ], "axis": "z", "angle": -22.5 },
    "faces": {
        "west":  { "uv": [ 6, 0, 10, 5 ], "texture": "#particle" },
        "east":  { "uv": [ 6, 0, 10, 5 ], "texture": "#particle" }
    }
},
{
    "from": [ 3.5, 8.5625, 6 ],
    "to": [ 3.5625, 13.5625, 10 ],
    "rotation": { "origin": [ 3.5, 13.5625, 6 ], "axis": "z", "angle": -22.5 },
    "faces": {
        "west":  { "uv": [ 6, 0, 10, 5 ], "texture": "#particle" },
        "east":  { "uv": [ 6, 0, 10, 5 ], "texture": "#particle" }
    }
},
{
    "from": [ 2.5, 9, 6.9375 ],
    "to": [ 6.5, 14, 7 ],
    "rotation": { "origin": [ 2.5, 14, 6.9375 ], "axis": "z", "angle": -22.5 },
    "faces": {
        "north": { "uv": [ 6, 0, 10, 5 ], "texture": "#particle" },
        "south": { "uv": [ 6, 0, 10, 5 ], "texture": "#particle" }
    }
},
{
    "from": [ 2.5, 9, 9.0625 ],
    "to": [ 6.5, 14, 9.125 ],
    "rotation": { "origin": [ 2.5, 14, 9.0625 ], "axis": "z", "angle": -22.5 },
    "faces": {
        "north": { "uv": [ 6, 0, 10, 5 ], "texture": "#particle" },
        "south": { "uv": [ 6, 0, 10, 5 ], "texture": "#particle" }
    }
},
{
    "from": [ 3.27392, 12.9375, 7 ],
    "to": [ 5.27392, 13, 9 ],
    "rotation": { "origin": [ 3.27392, 13, 7 ], "axis": "z", "angle": -22.5 },
    "faces": {
        "up":    { "uv": [ 0, 12, 2, 14 ], "texture": "#particle" }
    }
}
]
}