{
"__comment": "Model by Mickey Joe & Sphax for VanillaBDcraft - BDcraft.net.",
"ambientocclusion": false,
"textures": {
    "particle": "block/redstone_torch_off"
},
"elements": [ 
{
    "from": [ 7, 0, 7 ],
    "to": [ 9, 9, 9 ],
    "faces": {
        "down":  { "uv": [ 2, 16, 0, 14 ], "texture": "#particle" },
        "north": { "uv": [ 7, 7, 9, 16 ], "texture": "#particle" },
        "south": { "uv": [ 7, 7, 9, 16 ], "texture": "#particle" },
        "west":  { "uv": [ 7, 7, 9, 16 ], "texture": "#particle" },
        "east":  { "uv": [ 7, 7, 9, 16 ], "texture": "#particle" }
    }
},
{
    "from": [ 6.9375, 7, 6 ],
    "to": [ 7, 12, 10 ],
    "faces": {
        "west":  { "uv": [ 6, 0, 10, 5 ], "texture": "#particle" },
        "east":  { "uv": [ 6, 0, 10, 5 ], "texture": "#particle" }
    }
},
{
    "from": [ 9.0625, 7, 6 ],
    "to": [ 9.125, 12, 10 ],
    "faces": {
        "west":  { "uv": [ 6, 0, 10, 5 ], "texture": "#particle" },
        "east":  { "uv": [ 6, 0, 10, 5 ], "texture": "#particle" }
    }
},
{
    "from": [ 6, 7, 6.9375 ],
    "to": [ 10, 12, 7 ],
    "faces": {
        "north": { "uv": [ 6, 0, 10, 5 ], "texture": "#particle" },
        "south": { "uv": [ 6, 0, 10, 5 ], "texture": "#particle" }
    }
},
{
    "from": [ 6, 7, 9.0625 ],
    "to": [ 10, 12, 9.125 ],
    "faces": {
        "north": { "uv": [ 6, 0, 10, 5 ], "texture": "#particle" },
        "south": { "uv": [ 6, 0, 10, 5 ], "texture": "#particle" }
    }
},
{
    "from": [ 7, 11.1875, 7 ],
    "to": [ 9, 11.25, 9 ],
    "faces": {
        "up":    { "uv": [ 0, 12, 2, 14 ], "texture": "#particle" }
    }
}
]
}