{
	"__comment": "Model by HanFox & Sphax for PureBDcraft - BDcraft.net.",
	"textures": {
		"particle": "block/furnace_front",
		"cobblestone": "block/cobblestone",
		"furnace_top": "block/furnace_top",
		"furnace_side": "block/furnace_side",
		"minecart": "item/minecart"
	},
	"elements": [ 	 
		{
			"from": [ 2, 0, 2 ],
			"to": [ 3.125, 12, 3.125 ],
			"faces": {
				"down": { "uv": [ 0, 14.5, 1.5, 16 ], "texture": "#particle", "cullface": "down" },
				"up": { "uv": [ 0, 0, 1.5, 1.5 ], "texture": "#furnace_top", "cullface": "up" },
				"north": { "uv": [ 14.5, 0, 16, 16 ], "texture": "#particle", "cullface": "north" },
				"south": { "uv": [ 0, 0, 1.5, 16 ], "texture": "#furnace_top", "cullface": "west" },
				"west": { "uv": [ 0, 0, 1.5, 16 ], "texture": "#furnace_side", "cullface": "west" },
				"east": { "uv": [ 14.5, 0, 16, 16 ], "texture": "#particle", "cullface": "north" }
			}
		},
		{
			"from": [ 12.875, 0, 2 ],
			"to": [ 14, 12, 3.125 ],
			"faces": {
				"down": { "uv": [ 14.5, 14.5, 16, 16 ], "texture": "#particle", "cullface": "down" },
				"up": { "uv": [ 14.5, 0, 16, 1.5 ], "texture": "#furnace_top", "cullface": "up" },
				"north": { "uv": [ 0, 0, 1.5, 16 ], "texture": "#particle", "cullface": "north" },
				"south": { "uv": [ 14.5, 0, 16, 16 ], "texture": "#furnace_top", "cullface": "east" },
				"west": { "uv": [ 0, 0, 1.5, 16 ], "texture": "#particle", "cullface": "north" },
				"east": { "uv": [ 14.5, 0, 16, 16 ], "texture": "#furnace_side", "cullface": "east" }
			}
		},
		{
			"from": [ 2, 0, 12.875 ],
			"to": [ 3.125, 12, 14 ],
			"faces": {
				"down": { "uv": [ 0, 0, 1.5, 1.5 ], "texture": "#particle", "cullface": "down" },
				"up": { "uv": [ 0, 14.5, 1.5, 16 ], "texture": "#furnace_top", "cullface": "up" },
				"north": { "uv": [ 14.5, 0, 16, 16 ], "texture": "#furnace_side", "cullface": "west" },
				"south": { "uv": [ 0, 0, 1.5, 16 ], "texture": "#furnace_side", "cullface": "south" },
				"west": { "uv": [ 14.5, 0, 16, 16 ], "texture": "#furnace_side", "cullface": "west" },
				"east": { "uv": [ 0, 0, 1.5, 16 ], "texture": "#furnace_side", "cullface": "south" }
			}
		},
		{
			"from": [ 12.875, 0, 12.875 ],
			"to": [ 14, 12, 14 ],
			"faces": {
				"down": { "uv": [ 14.5, 0, 16, 1.5 ], "texture": "#particle", "cullface": "down" },
				"up": { "uv": [ 14.5, 14.5, 16, 16 ], "texture": "#furnace_top", "cullface": "up" },
				"north": { "uv": [ 0, 0, 1.5, 16 ], "texture": "#furnace_side", "cullface": "east" },
				"south": { "uv": [ 14.5, 0, 16, 16 ], "texture": "#furnace_side", "cullface": "south" },
				"west": { "uv": [ 14.5, 0, 16, 16 ], "texture": "#furnace_side", "cullface": "south" },
				"east": { "uv": [ 0, 0, 1.5, 16 ], "texture": "#furnace_side", "cullface": "east" }
			}
		},
		{
			"from": [ 3.125, 10.875, 2 ],
			"to": [ 12.875, 12, 3.125 ],
			"faces": {
				"down": { "uv": [ 14.5, 1.5, 1.5, 0 ], "texture": "#furnace_top", "cullface": "north" },
				"up": { "uv": [ 1.5, 0, 14.5, 1.5 ], "texture": "#furnace_top", "cullface": "up" },
				"north": { "uv": [ 1.5, 0, 14.5, 1.5 ], "texture": "#particle", "cullface": "north" },
				"south": { "uv": [ 1.5, 0, 14.5, 1.5 ], "texture": "#particle", "cullface": "up" }
			}
		},
		{
			"from": [ 2, 10.875, 3.125 ],
			"to": [ 3.125, 12, 12.875 ],
			"faces": {
				"down": { "uv": [ 16, 14.5, 14.5, 1.5 ], "texture": "#furnace_top", "cullface": "west" },
				"up": { "uv": [ 0, 1.5, 1.5, 14.5 ], "texture": "#furnace_top", "cullface": "up" },
				"west": { "uv": [ 1.5, 0, 14.5, 1.5 ], "texture": "#furnace_side", "cullface": "west" },
				"east": { "uv": [ 1.5, 0, 14.5, 1.5 ], "texture": "#furnace_side", "cullface": "up" }
			}
		},
		{
			"from": [ 12.875, 10.875, 3.125 ],
			"to": [ 14, 12, 12.875 ],
			"faces": {
				"down": { "uv": [ 1.5, 14.5, 0, 1.5 ], "texture": "#furnace_top", "cullface": "east" },
				"up": { "uv": [ 14.5, 1.5, 16, 14.5 ], "texture": "#furnace_top", "cullface": "up" },
				"west": { "uv": [ 1.5, 0, 14.5, 1.5 ], "texture": "#furnace_side", "cullface": "up" },
				"east": { "uv": [ 1.5, 0, 14.5, 1.5 ], "texture": "#furnace_side", "cullface": "east" }
			}
		},
		{
			"from": [ 3.125, 10.875, 12.875 ],
			"to": [ 12.875, 12, 14 ],
			"faces": {
				"down": { "uv": [ 14.5, 16, 1.5, 14.5 ], "texture": "#furnace_top", "cullface": "south" },
				"up": { "uv": [ 1.5, 14.5, 14.5, 16 ], "texture": "#furnace_top", "cullface": "up" },
				"north": { "uv": [ 1.5, 0, 14.5, 1.5 ], "texture": "#furnace_side", "cullface": "up" },
				"south": { "uv": [ 1.5, 0, 14.5, 1.5 ], "texture": "#furnace_side", "cullface": "south" }
			}
		},
		{
			"from": [ 2, 0, 3.125 ],
			"to": [ 3.125, 1.125, 12.875 ],
			"faces": {
				"up": { "uv": [ 0, 1.5, 1.5, 14.5 ], "texture": "#furnace_top", "cullface": "west" },
				"west": { "uv": [ 1.5, 14.5, 14.5, 16 ], "texture": "#furnace_side", "cullface": "west" },
				"east": { "uv": [ 1.5, 14.5, 14.5, 16 ], "texture": "#furnace_side", "cullface": "down" }
			}
		},
		{
			"from": [ 12.875, 0, 3.125 ],
			"to": [ 14, 1.125, 12.875 ],
			"faces": {
				"up": { "uv": [ 14.5, 1.5, 16, 14.5 ], "texture": "#furnace_top", "cullface": "east" },
				"west": { "uv": [ 1.5, 14.5, 14.5, 16 ], "texture": "#furnace_side", "cullface": "down" },
				"east": { "uv": [ 1.5, 14.5, 14.5, 16 ], "texture": "#furnace_side", "cullface": "east" }
			}
		},
		{
			"from": [ 3.125, 0, 12.875 ],
			"to": [ 12.875, 1.125, 14 ],
			"faces": {
				"up": { "uv": [ 1.5, 14.5, 14.5, 16 ], "texture": "#furnace_top", "cullface": "south" },
				"north": { "uv": [ 1.5, 14.5, 14.5, 16 ], "texture": "#furnace_top", "cullface": "down" },
				"south": { "uv": [ 1.5, 14.5, 14.5, 16 ], "texture": "#furnace_side", "cullface": "south" }
			}
		},
		{
			"from": [ 3.875, 0.375, 2.375 ],
			"to": [ 4.625, 4.5, 3.125 ],
			"faces": {
				"up": { "uv": [ 12.25, 11, 12.5, 10 ], "texture": "#particle", "cullface": "north" },
				"north": { "uv": [ 12.5, 10, 13.5, 15.5 ], "texture": "#particle", "cullface": "north" },
				"south": { "uv": [ 2.5, 10.5, 3.5, 16 ], "texture": "#particle", "cullface": "north" },
				"west": { "uv": [ 2.5, 11, 3.5, 15.5 ], "texture": "#particle", "cullface": "north" },
				"east": { "uv": [ 2.5, 11, 3.5, 15.5 ], "texture": "#particle", "cullface": "north" }
			}
		},
		{
			"from": [ 4.625, 3.75, 2.375 ],
			"to": [ 11.375, 4.5, 3.125 ],
			"faces": {
				"down": { "uv": [ 12.5, 10, 3.5, 11 ], "texture": "#particle", "cullface": "north" },
				"up": { "uv": [ 3.5, 11, 12.5, 10 ], "texture": "#particle", "cullface": "north" },
				"north": { "uv": [ 3.5, 10, 12.5, 11 ], "texture": "#particle", "cullface": "north" }
			}
		},
		{
			"from": [ 11.375, 0.375, 2.375 ],
			"to": [ 12.125, 4.5, 3.125 ],
			"faces": {
				"up": { "uv": [ 3.5, 11, 3.75, 10 ], "texture": "#particle", "cullface": "north" },
				"north": { "uv": [ 2.5, 10, 3.5, 15.5 ], "texture": "#particle", "cullface": "north" },
				"west": { "uv": [ 12.5, 11, 13.5, 15.5 ], "texture": "#particle", "cullface": "north" },
				"east": { "uv": [ 12.5, 11.5, 13.5, 15.5 ], "texture": "#particle", "cullface": "north" }
			}
		},
		{
			"__comment": "Box24",
			"from": [ 3.125, 0, 2 ],
			"to": [ 12.875, 0.375, 3.125 ],
			"faces": {
				"up": { "uv": [ 1.5, 15.5, 14.5, 16 ], "texture": "#particle", "cullface": "north" },
				"north": { "uv": [ 1.5, 15.5, 14.5, 16 ], "texture": "#particle", "cullface": "north" },
				"south": { "uv": [ 1.5, 15.5, 14.5, 16 ], "texture": "#particle", "cullface": "down" }
			}
		},
		{
			"__comment": "Box26",
			"from": [ 4.4375, 0, 3.125 ],
			"to": [ 11.5625, 0.375, 6.5 ],
			"faces": {
				"up": { "uv": [ 3.5, 11, 12.5, 15.5 ], "texture": "#particle", "cullface": "north" }
			}
		},
		{
			"__comment": "Box31",
			"from": [ 4.4375, 0.375, 6.5 ],
			"to": [ 11.5625, 4.125, 7.25 ],
			"faces": {
				"north": { "uv": [ 3.5, 11, 12.5, 15.5 ], "texture": "#particle", "cullface": "north" }
			}
		},
		{
			"__comment": "Box33",
			"from": [ 11, 7.125, 3.125 ],
			"to": [ 12.875, 9.375, 7.625 ],
			"faces": {
				"north": { "uv": [ 1.5, 3.5, 4, 6.5 ], "texture": "#particle", "cullface": "north" },
				"west": { "uv": [ 6, 3.5, 12, 6.5 ], "texture": "#particle", "cullface": "north" }
			}
		},
		{
			"__comment": "Box33",
			"from": [ 11.375, 0.375, 3.125 ],
			"to": [ 12.875, 4.125, 6.5 ],
			"faces": {
				"north": { "uv": [ 1.5, 10, 3.5, 15.5 ], "texture": "#particle", "cullface": "north" },
				"west": { "uv": [ 3.25, 11, 7.75, 15.5 ], "texture": "#particle", "cullface": "north" }
			}
		},
		{
			"__comment": "Box35",
			"from": [ 3.125, 9.375, 3.125 ],
			"to": [ 12.875, 10.875, 7.625 ],
			"faces": {
				"down": { "uv": [ 4, 3.5, 12, 6.5 ], "texture": "#particle", "cullface": "north" },
				"north": { "uv": [ 1.5, 1.5, 14.5, 3.5 ], "texture": "#particle", "cullface": "north" }
			}
		},
		{
			"__comment": "Box33",
			"from": [ 3.125, 0.375, 3.125 ],
			"to": [ 4.625, 4.125, 6.5 ],
			"faces": {
				"north": { "uv": [ 12.5, 10, 14.5, 15.5 ], "texture": "#particle", "cullface": "north" },
				"east": { "uv": [ 7.75, 11, 12.25, 15.5 ], "texture": "#particle", "cullface": "north" }
			}
		},
		{
			"__comment": "Box33",
			"from": [ 3.125, 7.125, 3.125 ],
			"to": [ 5, 9.375, 7.625 ],
			"faces": {
				"north": { "uv": [ 12, 3.5, 14.5, 6.5 ], "texture": "#particle", "cullface": "north" },
				"east": { "uv": [ 4, 3.5, 10, 6.5 ], "texture": "#particle", "cullface": "north" }
			}
		},
		{
			"__comment": "Box35",
			"from": [ 3.125, 4.125, 3.125 ],
			"to": [ 12.875, 7.125, 7.625 ],
			"faces": {
				"down": { "uv": [ 3.5, 11, 12.5, 15 ], "texture": "#particle", "cullface": "north" },
				"up": { "uv": [ 4, 3.5, 12, 6.5 ], "texture": "#particle", "cullface": "north" },
				"north": { "uv": [ 1.5, 6.5, 14.5, 10 ], "texture": "#particle", "cullface": "north" }
			}
		},
		{
			"__comment": "Box39",
			"from": [ 3.125, 0.375, 3.125 ],
			"to": [ 12.875, 10.875, 12.875 ],
			"faces": {
				"up": { "uv": [ 1.5, 1.5, 14.5, 14.5 ], "texture": "#furnace_top", "cullface": "up" },
				"south": { "uv": [ 1.5, 1.5, 14.5, 15.5 ], "texture": "#furnace_side", "cullface": "south" },
				"west": { "uv": [ 1.5, 1.5, 14.5, 15.5 ], "texture": "#furnace_side", "cullface": "west" },
				"east": { "uv": [ 1.5, 1.5, 14.5, 15.5 ], "texture": "#furnace_side", "cullface": "east" }
			}
		},
		{
			"__comment": "Box40",
			"from": [ 5, 7.125, 7.625 ],
			"to": [ 11, 9.375, 8.375 ],
			"faces": {
				"north": { "uv": [ 4, 3.5, 12, 6.5 ], "texture": "#particle", "cullface": "north" }
			}
		},
		{
			"from": [ 0.5, -2, -1.5 ],
			"to": [ 15.5, -1, 17.5 ],
			"faces": {
				"down": { "uv": [ 0, 8, 10, 16 ], "texture": "#minecart", "rotation": 90 },
				"up": { "uv": [ 0.5, 8.5, 9.5, 15.5 ], "texture": "#minecart", "rotation": 90 },
				"north": { "uv": [ 9, 0, 9.5, 0.5 ], "texture": "#minecart" },
				"south": { "uv": [ 9, 0, 9.5, 0.5 ], "texture": "#minecart" },
				"west": { "uv": [ 9, 0, 9.5, 0.5 ], "texture": "#minecart" },
				"east": { "uv": [ 9, 0, 9.5, 0.5 ], "texture": "#minecart" }
			}
		},
		{
			"from": [ 0, -1, 0 ],
			"to": [ 2, 7, 16 ],
			"faces": {
				"down": { "uv": [ 9, 0, 9.25, 0.25 ], "texture": "#minecart" },
				"up": { "uv": [ 1, 0, 1.5, 1 ], "texture": "#minecart", "rotation": 270 },
				"west": { "uv": [ 1, 4, 9, 8 ], "texture": "#minecart" },
				"east": { "uv": [ 1, 0, 9, 4 ], "texture": "#minecart" }
			}
		},
		{
			"from": [ 14, -1, 0 ],
			"to": [ 16, 7, 16 ],
			"faces": {
				"down": { "uv": [ 9, 0, 9.25, 0.25 ], "texture": "#minecart" },
				"up": { "uv": [ 1, 0, 1.5, 1 ], "texture": "#minecart", "rotation": 90 },
				"west": { "uv": [ 1, 0, 9, 4 ], "texture": "#minecart" },
				"east": { "uv": [ 1, 4, 9, 8 ], "texture": "#minecart" }
			}
		},
		{
			"from": [ 0, -1, -2 ],
			"to": [ 16, 7, 0 ],
			"faces": {
				"down": { "uv": [ 9, 0, 9.25, 0.25 ], "texture": "#minecart" },
				"up": { "uv": [ 1.5, 0, 2, 1 ], "texture": "#minecart" },
				"north": { "uv": [ 1, 4, 9, 8 ], "texture": "#minecart" },
				"south": { "uv": [ 1, 0, 9, 4 ], "texture": "#minecart" },
				"west": { "uv": [ 0, 4, 1, 8 ], "texture": "#minecart" },
				"east": { "uv": [ 0, 4, 1, 8 ], "texture": "#minecart" }
			}
		},
		{
			"from": [ 0, -1, 16 ],
			"to": [ 16, 7, 18 ],
			"faces": {
				"down": { "uv": [ 9, 0, 9.25, 0.25 ], "texture": "#minecart" },
				"up": { "uv": [ 1.5, 0, 2, 1 ], "texture": "#minecart", "rotation": 180 },
				"north": { "uv": [ 1, 0, 9, 4 ], "texture": "#minecart" },
				"south": { "uv": [ 1, 4, 9, 8 ], "texture": "#minecart" },
				"west": { "uv": [ 0, 4, 1, 8 ], "texture": "#minecart" },
				"east": { "uv": [ 0, 4, 1, 8 ], "texture": "#minecart" }
			}
		},
		{
			"from": [ 0.25, -3, 0 ],
			"to": [ 15.75, -1, 16 ],
			"faces": {
				"west": { "uv": [ 9, 0.5, 16, 1.5 ], "texture": "#minecart" },
				"east": { "uv": [ 9, 0.5, 16, 1.5 ], "texture": "#minecart" }
			}
		}
	],
	"display": {
		"thirdperson_righthand": {
			"rotation":  [ 75, 45, 0 ],
			"translation":  [ 0, 2.5, 0 ],
			"scale":  [ 0.375, 0.375, 0.375 ]
		},
		"firstperson_righthand": {
			"rotation":  [ 0, -135, 0 ],
			"translation":  [ 0, 1, 0 ],
			"scale":  [ 0.4, 0.4, 0.4 ]
		},
		"gui": {
			"rotation":  [ 35, -45, 0 ],
			"translation":  [ 0, 1, 0 ],
			"scale":  [ 0.55, 0.55, 0.55 ]
		},
		"ground": {
			"translation":  [ 0, 3, 0 ],
			"scale":  [ 0.25, 0.25, 0.25 ]
		},
		"fixed": {
			"rotation":  [ 0, 90, 0 ],
			"scale":  [ 0.5, 0.5, 0.5 ]
		}
	}
}